Period,Accuracy
Period 1,0.9962546816479401
Period 2,0.9921063564603241
Period 3,0.9875207986688852
